Type;Produit;Photo;Prix;Ecran pouces;Capacite Go;RAM Go;Processeur;Resolution;Quantite stock;Delai
ordinateur;HUAWEI MateBook D;model/media/ordinateurs/PC1.jpg;967.60;14;250;8;Ryzen 5;;15;2j
ordinateur;Microsoft Surface Pro;model/media/ordinateurs/PC2.jpg;788.04;12.3;128;8;i5;;18;2j
ordinateur;Acer chromebook cb515;model/media/ordinateurs/PC3.jpg;276.08;15.6;32;4;Pentium;;25;1j
ordinateur;Acer Chromebook;model/media/ordinateurs/PC4.png;429;14;32;4;N4200;;7;3j
ordinateur;Acer cb5-312t;model/media/ordinateurs/PC5.jpg;470;13;32;4;Mediatek;;11;1sem
ordinateur;MacBook air mqd32;model/media/ordinateurs/PC6.jpg;1000.35;13.3;128;8;i5;;15;3j
tablette;Samsung galaxy tab s4;model/media/tablettes/TAB1.jpg;559.99;10.5;64;4;;;28;1j
tablette;Microsoft surface go;model/media/tablettes/TAB2.jpg;477.74;10;128;8;;;30;5j
tablette;Samsung galaxy tab s2;model/media/tablettes/TAB3.jpg;299;9.7;32;3;;;9;4j
tablette;HUAWEI MediaPad T5 10;model/media/tablettes/TAB4.jpg;198.81;10.1;32;3;;;22;3j
tablette;Huawei Mediapad 16Go;model/media/tablettes/TAB5.jpg;159.99;10;16;2;;;10;2j
tablette;Samsung Galaxy Tab S5e;model/media/tablettes/TAB5.jpg;579.99;10.p;128;6;;;8;1j
télévision;Lg 55sm8200;model/media/tvs/TV1.jpg;699;49;;;;4K UHD;26;1sem
télévision;Samsung 50mU6172;model/media/tvs/TV2.jpg;639.99;50;;;;4K UHD;5;6j
télévision;Samsung ue55ru7372;model/media/tvs/TV3.jpg;599.99;55;;;;4K UHD;15;4j
télévision;Sony kdl40we660;model/media/tvs/TV4.jpg;469;40;;;;Full HD;4;1sem
télévision;Samsung ue43nu7092kxxc;model/media/tvs/TV5.jpg;369.99;43;;;;4K UHD;16;5j
télévision;Sony kdl32re400;model/media/tvs/TV6.jpg;299;32;;;;HDTV;3;3j