admin;admin;administrator
user;user;user
Siko;siko;administrator
Alain;alain;administrator
Mathilde;renne;user;madame;mathilde@renne.be;45 Rue du chateau 1234 Laken;003285411169
toto;blague;user;monsieur;ehhthz@hot.com;2 rue de la blague 5500 totoville;00000000000
Philippe;roi;user;monsieur;philippe@roi.be;45 Rue du chateau 1234 Laken;003285411165
paul;blague;user;monsieur;ehhthz@hot.com;;
beauvary;blague;user;madame;zenat@gmail.com;;
papa;pere;user;monsieur;ehhthz@hot.com;;
thies;blague;user;monsieur;ehhthz@hot.com;;
dada;blague;user;monsieur;ehhthz@hot.com;;
socrate;blague;user;monsieur;ehhthz@hot.com;;
pierre;blague;user;monsieur;ehhthz@hot.com;;
ken;blague;user;monsieur;ehhthz@hot.com;;
elena;lisa;user;mademoiselle;;;
fred;mass;user;monsieur;;;