<?xml version='1.0'?> 
<advertising> 
    <banner_4IPDW>
		<link>https://www.burotix.be/</link>
		<image>https://www.burotix.be/images/logo103x90-V6-beige_bg.png</image>
		<text>
			Burotix conseille les PME et les indépendants 
			en logiciels de bureau : formation en tableur, 
			conception de base de données, développement 
			de site web, etc.<br/>
			Fichier XML sur site BUROTIX 
		</text> 
		<background_image>https://www.burotix.be/images/mark-516277_480.jpg</background_image>
	</banner_4IPDW>
</advertising>